epoch,steps,cosine_pearson,cosine_spearman
1.0,57,0.9983104153043854,0.8677208512610403
2.0,114,0.999436245637932,0.8677208512610403
3.0,171,0.9996022545761268,0.8681602301035075
1.0,57,0.9983104153043854,0.8677208512610403
2.0,114,0.999436245637932,0.8677208512610403
3.0,171,0.9996022545761268,0.8681602301035075
